--
-- PostgreSQL database dump
--

-- Dumped from database version 16.8 (Ubuntu 16.8-0ubuntu0.24.04.1)
-- Dumped by pg_dump version 16.8 (Ubuntu 16.8-0ubuntu0.24.04.1)

SET statement_timeout = 0;
SET lock_timeout = 0;
SET idle_in_transaction_session_timeout = 0;
SET client_encoding = 'UTF8';
SET standard_conforming_strings = on;
SELECT pg_catalog.set_config('search_path', '', false);
SET check_function_bodies = false;
SET xmloption = content;
SET client_min_messages = warning;
SET row_security = off;

SET default_tablespace = '';

SET default_table_access_method = heap;

--
-- Name: usuario; Type: TABLE; Schema: public; Owner: fernando
--

CREATE TABLE public.usuario (
    id bigint NOT NULL,
    nombre character varying(50) NOT NULL,
    email character varying(50) NOT NULL,
    password character varying(250) NOT NULL,
    apellido character varying(50) NOT NULL
);


ALTER TABLE public.usuario OWNER TO fernando;

--
-- Name: Usuario_id_seq; Type: SEQUENCE; Schema: public; Owner: fernando
--

CREATE SEQUENCE public."Usuario_id_seq"
    AS integer
    START WITH 1
    INCREMENT BY 1
    NO MINVALUE
    NO MAXVALUE
    CACHE 1;


ALTER SEQUENCE public."Usuario_id_seq" OWNER TO fernando;

--
-- Name: Usuario_id_seq; Type: SEQUENCE OWNED BY; Schema: public; Owner: fernando
--

ALTER SEQUENCE public."Usuario_id_seq" OWNED BY public.usuario.id;


--
-- Name: chat; Type: TABLE; Schema: public; Owner: fernando
--

CREATE TABLE public.chat (
    id bigint NOT NULL,
    contenido character varying(255) NOT NULL,
    created_at timestamp(6) without time zone,
    fecha_hora timestamp(6) without time zone NOT NULL,
    updated_at timestamp(6) without time zone,
    visto boolean NOT NULL,
    emisor_id bigint NOT NULL,
    receptor_id bigint NOT NULL
);


ALTER TABLE public.chat OWNER TO fernando;

--
-- Name: chat_id_seq; Type: SEQUENCE; Schema: public; Owner: fernando
--

ALTER TABLE public.chat ALTER COLUMN id ADD GENERATED BY DEFAULT AS IDENTITY (
    SEQUENCE NAME public.chat_id_seq
    START WITH 1
    INCREMENT BY 1
    NO MINVALUE
    NO MAXVALUE
    CACHE 1
);


--
-- Name: comentario; Type: TABLE; Schema: public; Owner: fernando
--

CREATE TABLE public.comentario (
    id bigint NOT NULL,
    contenido character varying(1000),
    created_at timestamp(6) without time zone,
    fecha timestamp(6) without time zone NOT NULL,
    img character varying(255),
    updated_at timestamp(6) without time zone,
    usuario_id bigint NOT NULL,
    post_id bigint
);


ALTER TABLE public.comentario OWNER TO fernando;

--
-- Name: comentario_id_seq; Type: SEQUENCE; Schema: public; Owner: fernando
--

ALTER TABLE public.comentario ALTER COLUMN id ADD GENERATED BY DEFAULT AS IDENTITY (
    SEQUENCE NAME public.comentario_id_seq
    START WITH 1
    INCREMENT BY 1
    NO MINVALUE
    NO MAXVALUE
    CACHE 1
);


--
-- Name: evento; Type: TABLE; Schema: public; Owner: fernando
--

CREATE TABLE public.evento (
    id bigint NOT NULL,
    descripcion character varying(250) NOT NULL,
    fecha date NOT NULL,
    nombre character varying(50) NOT NULL,
    ubicacion character varying(250) NOT NULL
);


ALTER TABLE public.evento OWNER TO fernando;

--
-- Name: evento_id_seq; Type: SEQUENCE; Schema: public; Owner: fernando
--

ALTER TABLE public.evento ALTER COLUMN id ADD GENERATED BY DEFAULT AS IDENTITY (
    SEQUENCE NAME public.evento_id_seq
    START WITH 1
    INCREMENT BY 1
    NO MINVALUE
    NO MAXVALUE
    CACHE 1
);


--
-- Name: grupo; Type: TABLE; Schema: public; Owner: fernando
--

CREATE TABLE public.grupo (
    id bigint NOT NULL,
    nombre character varying(255) NOT NULL,
    descripcion character varying(255) NOT NULL
);


ALTER TABLE public.grupo OWNER TO fernando;

--
-- Name: grupo_id_seq; Type: SEQUENCE; Schema: public; Owner: fernando
--

CREATE SEQUENCE public.grupo_id_seq
    AS integer
    START WITH 1
    INCREMENT BY 1
    NO MINVALUE
    NO MAXVALUE
    CACHE 1;


ALTER SEQUENCE public.grupo_id_seq OWNER TO fernando;

--
-- Name: grupo_id_seq; Type: SEQUENCE OWNED BY; Schema: public; Owner: fernando
--

ALTER SEQUENCE public.grupo_id_seq OWNED BY public.grupo.id;


--
-- Name: mascota; Type: TABLE; Schema: public; Owner: fernando
--

CREATE TABLE public.mascota (
    id bigint NOT NULL,
    genero character varying(10) NOT NULL,
    nombre character varying(50) NOT NULL,
    raza character varying(50) NOT NULL,
    usuario_id bigint NOT NULL
);


ALTER TABLE public.mascota OWNER TO fernando;

--
-- Name: mascota_id_seq; Type: SEQUENCE; Schema: public; Owner: fernando
--

ALTER TABLE public.mascota ALTER COLUMN id ADD GENERATED BY DEFAULT AS IDENTITY (
    SEQUENCE NAME public.mascota_id_seq
    START WITH 1
    INCREMENT BY 1
    NO MINVALUE
    NO MAXVALUE
    CACHE 1
);


--
-- Name: notificaciones; Type: TABLE; Schema: public; Owner: fernando
--

CREATE TABLE public.notificaciones (
    id bigint NOT NULL,
    fecha date NOT NULL
);


ALTER TABLE public.notificaciones OWNER TO fernando;

--
-- Name: notificaciones_id_seq; Type: SEQUENCE; Schema: public; Owner: fernando
--

ALTER TABLE public.notificaciones ALTER COLUMN id ADD GENERATED BY DEFAULT AS IDENTITY (
    SEQUENCE NAME public.notificaciones_id_seq
    START WITH 1
    INCREMENT BY 1
    NO MINVALUE
    NO MAXVALUE
    CACHE 1
);


--
-- Name: perfil; Type: TABLE; Schema: public; Owner: fernando
--

CREATE TABLE public.perfil (
    id bigint NOT NULL,
    usuario_id bigint NOT NULL,
    descripcion character varying(255),
    fecha_nacimiento date,
    img character varying(255)
);


ALTER TABLE public.perfil OWNER TO fernando;

--
-- Name: perfil_id_seq; Type: SEQUENCE; Schema: public; Owner: fernando
--

CREATE SEQUENCE public.perfil_id_seq
    AS integer
    START WITH 1
    INCREMENT BY 1
    NO MINVALUE
    NO MAXVALUE
    CACHE 1;


ALTER SEQUENCE public.perfil_id_seq OWNER TO fernando;

--
-- Name: perfil_id_seq; Type: SEQUENCE OWNED BY; Schema: public; Owner: fernando
--

ALTER SEQUENCE public.perfil_id_seq OWNED BY public.perfil.id;


--
-- Name: post; Type: TABLE; Schema: public; Owner: fernando
--

CREATE TABLE public.post (
    id bigint NOT NULL,
    grupo_id bigint,
    creador_id bigint NOT NULL,
    contenido character varying(255),
    fecha timestamp(6) without time zone NOT NULL,
    img text,
    created_at timestamp(6) without time zone,
    updated_at timestamp(6) without time zone
);


ALTER TABLE public.post OWNER TO fernando;

--
-- Name: post_id_seq; Type: SEQUENCE; Schema: public; Owner: fernando
--

CREATE SEQUENCE public.post_id_seq
    AS integer
    START WITH 1
    INCREMENT BY 1
    NO MINVALUE
    NO MAXVALUE
    CACHE 1;


ALTER SEQUENCE public.post_id_seq OWNER TO fernando;

--
-- Name: post_id_seq; Type: SEQUENCE OWNED BY; Schema: public; Owner: fernando
--

ALTER SEQUENCE public.post_id_seq OWNED BY public.post.id;


--
-- Name: seguido; Type: TABLE; Schema: public; Owner: fernando
--

CREATE TABLE public.seguido (
    id bigint NOT NULL,
    usuario_que_es_seguido_id bigint NOT NULL,
    usuario_que_sigue_id bigint NOT NULL
);


ALTER TABLE public.seguido OWNER TO fernando;

--
-- Name: seguido_id_seq; Type: SEQUENCE; Schema: public; Owner: fernando
--

ALTER TABLE public.seguido ALTER COLUMN id ADD GENERATED BY DEFAULT AS IDENTITY (
    SEQUENCE NAME public.seguido_id_seq
    START WITH 1
    INCREMENT BY 1
    NO MINVALUE
    NO MAXVALUE
    CACHE 1
);


--
-- Name: usuario_grupo; Type: TABLE; Schema: public; Owner: fernando
--

CREATE TABLE public.usuario_grupo (
    id bigint NOT NULL,
    grupo_id bigint,
    usuario_id bigint NOT NULL,
    rol character varying(255)
);


ALTER TABLE public.usuario_grupo OWNER TO fernando;

--
-- Name: usuario_grupo_id_seq; Type: SEQUENCE; Schema: public; Owner: fernando
--

CREATE SEQUENCE public.usuario_grupo_id_seq
    AS integer
    START WITH 1
    INCREMENT BY 1
    NO MINVALUE
    NO MAXVALUE
    CACHE 1;


ALTER SEQUENCE public.usuario_grupo_id_seq OWNER TO fernando;

--
-- Name: usuario_grupo_id_seq; Type: SEQUENCE OWNED BY; Schema: public; Owner: fernando
--

ALTER SEQUENCE public.usuario_grupo_id_seq OWNED BY public.usuario_grupo.id;


--
-- Name: valoracion; Type: TABLE; Schema: public; Owner: fernando
--

CREATE TABLE public.valoracion (
    id bigint NOT NULL,
    autor_id bigint NOT NULL,
    receptor_id bigint NOT NULL,
    puntuacion character varying(255) NOT NULL,
    contenido character varying(255) NOT NULL,
    fecha timestamp without time zone NOT NULL,
    created_at timestamp without time zone,
    updated_at timestamp without time zone,
    CONSTRAINT chk_puntuacion CHECK (((puntuacion)::text = ANY ((ARRAY['1'::character varying, '2'::character varying, '3'::character varying, '4'::character varying, '5'::character varying])::text[])))
);


ALTER TABLE public.valoracion OWNER TO fernando;

--
-- Name: valoracion_id_seq; Type: SEQUENCE; Schema: public; Owner: fernando
--

CREATE SEQUENCE public.valoracion_id_seq
    START WITH 1
    INCREMENT BY 1
    NO MINVALUE
    NO MAXVALUE
    CACHE 1;


ALTER SEQUENCE public.valoracion_id_seq OWNER TO fernando;

--
-- Name: valoracion_id_seq; Type: SEQUENCE OWNED BY; Schema: public; Owner: fernando
--

ALTER SEQUENCE public.valoracion_id_seq OWNED BY public.valoracion.id;


--
-- Name: grupo id; Type: DEFAULT; Schema: public; Owner: fernando
--

ALTER TABLE ONLY public.grupo ALTER COLUMN id SET DEFAULT nextval('public.grupo_id_seq'::regclass);


--
-- Name: perfil id; Type: DEFAULT; Schema: public; Owner: fernando
--

ALTER TABLE ONLY public.perfil ALTER COLUMN id SET DEFAULT nextval('public.perfil_id_seq'::regclass);


--
-- Name: post id; Type: DEFAULT; Schema: public; Owner: fernando
--

ALTER TABLE ONLY public.post ALTER COLUMN id SET DEFAULT nextval('public.post_id_seq'::regclass);


--
-- Name: usuario id; Type: DEFAULT; Schema: public; Owner: fernando
--

ALTER TABLE ONLY public.usuario ALTER COLUMN id SET DEFAULT nextval('public."Usuario_id_seq"'::regclass);


--
-- Name: usuario_grupo id; Type: DEFAULT; Schema: public; Owner: fernando
--

ALTER TABLE ONLY public.usuario_grupo ALTER COLUMN id SET DEFAULT nextval('public.usuario_grupo_id_seq'::regclass);


--
-- Name: valoracion id; Type: DEFAULT; Schema: public; Owner: fernando
--

ALTER TABLE ONLY public.valoracion ALTER COLUMN id SET DEFAULT nextval('public.valoracion_id_seq'::regclass);


--
-- Data for Name: chat; Type: TABLE DATA; Schema: public; Owner: fernando
--

COPY public.chat (id, contenido, created_at, fecha_hora, updated_at, visto, emisor_id, receptor_id) FROM stdin;
2	Bien, ¿Tu como estas?	2025-04-29 18:35:59.309505	2025-04-29 18:35:59.308212	2025-04-29 18:36:46.033964	t	3	1
1	Hola, ¿cómo estás?	2025-04-29 18:33:58.659115	2025-04-29 18:33:58.630267	2025-04-29 18:36:54.763961	t	1	3
3	¿Puedes cuidar mi mascota el sabado?	2025-04-29 18:37:20.091591	2025-04-29 18:37:20.090468	2025-04-29 18:37:20.091651	f	1	3
\.


--
-- Data for Name: comentario; Type: TABLE DATA; Schema: public; Owner: fernando
--

COPY public.comentario (id, contenido, created_at, fecha, img, updated_at, usuario_id, post_id) FROM stdin;
3	¡Este es un comentario de prueba 2!	2025-04-29 16:51:10.02777	2025-04-29 16:51:10.026652	https://ejemplo.com/imagen.jpg	2025-04-29 16:51:10.027838	1	\N
11	Es muy bonito	2025-04-29 18:21:07.367396	2025-04-29 13:50:00	\N	2025-04-29 18:21:07.367485	1	4
12	El mejor!!	2025-04-29 18:22:26.437634	2025-04-29 13:50:00	\N	2025-04-29 18:22:26.437676	1	4
\.


--
-- Data for Name: evento; Type: TABLE DATA; Schema: public; Owner: fernando
--

COPY public.evento (id, descripcion, fecha, nombre, ubicacion) FROM stdin;
\.


--
-- Data for Name: grupo; Type: TABLE DATA; Schema: public; Owner: fernando
--

COPY public.grupo (id, nombre, descripcion) FROM stdin;
\.


--
-- Data for Name: mascota; Type: TABLE DATA; Schema: public; Owner: fernando
--

COPY public.mascota (id, genero, nombre, raza, usuario_id) FROM stdin;
2	Macho	Toby	Golden Retriever	1
3	Hembra	Valkyria	Podenco	1
\.


--
-- Data for Name: notificaciones; Type: TABLE DATA; Schema: public; Owner: fernando
--

COPY public.notificaciones (id, fecha) FROM stdin;
\.


--
-- Data for Name: perfil; Type: TABLE DATA; Schema: public; Owner: fernando
--

COPY public.perfil (id, usuario_id, descripcion, fecha_nacimiento, img) FROM stdin;
1	1	Hola, me llamo fernando y estoy desarollando esto	1997-03-10	https://lh3.googleusercontent.com/a/ACg8ocJh-1G_Vs8xegmv-8oTwwWAQ3zT-JX2frK4e9Q54ChIZYQg1yw=s288-c-no
3	1	Hola, me llamo Yago y estoy desarollando esto	1997-03-10	https://lh3.googleusercontent.com/a/ACg8ocJh-1G_Vs8xegmv-8oTwwWAQ3zT-JX2frK4e9Q54ChIZYQg1yw=s288-c-no
\.


--
-- Data for Name: post; Type: TABLE DATA; Schema: public; Owner: fernando
--

COPY public.post (id, grupo_id, creador_id, contenido, fecha, img, created_at, updated_at) FROM stdin;
4	\N	1	Este es mi gato luco.	2025-04-11 15:58:50.486669	https://encrypted-tbn1.gstatic.com/images?q=tbn:ANd9GcQd1kWKsODGmz1P44kiLTfpeIOkaemYITnaRVOZEn372xCyrpNoQQ_dMDAV4dWLpVTDFekNEtlkJaDnhlTzoQWdNg	2025-04-11 15:58:50.614697	2025-04-11 15:58:50.614909
3	\N	1	El retrato de POPI.	2025-04-10 20:38:08.37809	https://images.pexels.com/photos/1851164/pexels-photo-1851164.jpeg?auto=compress&cs=tinysrgb&w=1260&h=750&dpr=1	2025-04-10 20:38:08.427828	2025-04-11 16:15:45.33574
1	\N	1	Este es un nuevo post	2025-04-01 00:00:00	https://images.pexels.com/photos/45170/kittens-cat-cat-puppy-rush-45170.jpeg?auto=compress&cs=tinysrgb&w=1260&h=750&dpr=1	\N	2025-04-11 16:16:22.485728
2	\N	1	Hoy tuvimos una caminata con los perritos del refugio (PRUEBA)	2025-04-10 18:31:33.409983	https://images.pexels.com/photos/33287/dog-viszla-close.jpg?auto=compress&cs=tinysrgb&w=600	2025-04-10 18:31:33.437484	2025-04-11 16:17:47.107813
5	\N	3	Paseando a mi gato.	2025-04-11 16:26:38.988433	https://scontent-mad2-1.xx.fbcdn.net/v/t39.30808-6/464555325_8558598987522595_4024770004962422813_n.jpg?_nc_cat=110&ccb=1-7&_nc_sid=127cfc&_nc_ohc=urpUzOvrTIIQ7kNvwH9w2MW&_nc_oc=AdmWqo6UZymyM9_lrUY5ZC_UBW0z5dmzG3By-pdiAYoOO6-mOwudBYOetMVrSX8iH18&_nc_zt=23&_nc_ht=scontent-mad2-1.xx&_nc_gid=9oynF_w7A0JJmPoZUjwVoA&oh=00_AfHFtKyEPZTKOC9NHzDCPWmKGjeSiJhBwNfXQPXZnVH9vw&oe=67FEF35E	2025-04-11 16:26:38.989125	2025-04-11 16:26:38.989153
8	\N	1	Lo que vimos hoy en el parque.	2025-04-11 17:48:29.542252	https://images.pexels.com/photos/460775/pexels-photo-460775.jpeg?auto=compress&cs=tinysrgb&w=1260&h=750&dpr=1	2025-04-11 17:48:29.561819	2025-04-11 17:48:29.561958
9	\N	3	Nuevo miembro en la familia.2	2025-04-11 19:16:32.224763	https://images.pexels.com/photos/59523/pexels-photo-59523.jpeg?auto=compress&cs=tinysrgb&w=1260&h=750&dpr=1	2025-04-11 19:16:32.259106	2025-04-11 19:16:32.259172
10	\N	1	mi nuevo gato	2025-04-16 15:32:57.790894	https://images.pexels.com/photos/45201/kitty-cat-kitten-pet-45201.jpeg?auto=compress&cs=tinysrgb&w=1260&h=750&dpr=1	2025-04-16 15:32:57.842688	2025-04-16 15:32:57.842779
11	\N	1	Hoy mirando a la luna	2025-04-24 15:56:55.246952	https://images.pexels.com/photos/45201/kitty-cat-kitten-pet-45201.jpeg?auto=compress&cs=tinysrgb&w=1260&h=750&dpr=1	2025-04-24 15:56:55.296693	2025-04-24 15:56:55.296762
12	\N	1	Gatitos 	2025-04-24 15:57:43.841645	https://images.pexels.com/photos/45170/kittens-cat-cat-puppy-rush-45170.jpeg?auto=compress&cs=tinysrgb&w=1260&h=750&dpr=1	2025-04-24 15:57:43.842758	2025-04-24 15:57:43.842814
13	\N	1	HOla	2025-04-24 17:20:55.748443	\N	2025-04-24 17:20:55.79307	2025-04-24 17:20:55.793147
\.


--
-- Data for Name: seguido; Type: TABLE DATA; Schema: public; Owner: fernando
--

COPY public.seguido (id, usuario_que_es_seguido_id, usuario_que_sigue_id) FROM stdin;
2	3	1
\.


--
-- Data for Name: usuario; Type: TABLE DATA; Schema: public; Owner: fernando
--

COPY public.usuario (id, nombre, email, password, apellido) FROM stdin;
8	Prueba	Prueba@ejemplo.com	$2a$10$qEdrO.My/Z0FSNUm/QC4NODH6wWU.PtPwtwPtskoLdiYGHtE3xfdC	Prueba
6	Mouad	mouad10@gmail.com	$2a$10$qEdrO.My/Z0FSNUm/QC4NODH6wWU.PtPwtwPtskoLdiYGHtE3xfdC	sedjari
5	Mouad	mouad@gmail.com	$2a$10$qEdrO.My/Z0FSNUm/QC4NODH6wWU.PtPwtwPtskoLdiYGHtE3xfdC	sedjari
4	Test	test@test.com	$2a$10$qEdrO.My/Z0FSNUm/QC4NODH6wWU.PtPwtwPtskoLdiYGHtE3xfdC	User
3	Mouad	msedjari@elpuig.xeill.net	$2a$10$qEdrO.My/Z0FSNUm/QC4NODH6wWU.PtPwtwPtskoLdiYGHtE3xfdC	Sedjari
1	Fernando	fdiaz@1997@gmail.com	$2a$10$qEdrO.My/Z0FSNUm/QC4NODH6wWU.PtPwtwPtskoLdiYGHtE3xfdC	Diaz
10	fer	fer@ejemplo.com	$2a$10$ZcMmd6K/1NLPnVE35qAHDuuro9LAMnsY5caj/k7SB99qFTJHzDOVq	fer
11	yago	yago2@ejemplo.com	$2a$10$ymA1X9.d2t1e4Y36yVQ4meJuKQmMvWrY8UmVu69oIl1wsoOxpQduC	yago
\.


--
-- Data for Name: usuario_grupo; Type: TABLE DATA; Schema: public; Owner: fernando
--

COPY public.usuario_grupo (id, grupo_id, usuario_id, rol) FROM stdin;
\.


--
-- Data for Name: valoracion; Type: TABLE DATA; Schema: public; Owner: fernando
--

COPY public.valoracion (id, autor_id, receptor_id, puntuacion, contenido, fecha, created_at, updated_at) FROM stdin;
2	1	3	5	Muy responsable y amable con los animales.	2025-04-29 15:30:00	2025-04-29 15:39:34.295878	2025-04-29 15:39:34.295914
\.


--
-- Name: Usuario_id_seq; Type: SEQUENCE SET; Schema: public; Owner: fernando
--

SELECT pg_catalog.setval('public."Usuario_id_seq"', 11, true);


--
-- Name: chat_id_seq; Type: SEQUENCE SET; Schema: public; Owner: fernando
--

SELECT pg_catalog.setval('public.chat_id_seq', 3, true);


--
-- Name: comentario_id_seq; Type: SEQUENCE SET; Schema: public; Owner: fernando
--

SELECT pg_catalog.setval('public.comentario_id_seq', 12, true);


--
-- Name: evento_id_seq; Type: SEQUENCE SET; Schema: public; Owner: fernando
--

SELECT pg_catalog.setval('public.evento_id_seq', 1, false);


--
-- Name: grupo_id_seq; Type: SEQUENCE SET; Schema: public; Owner: fernando
--

SELECT pg_catalog.setval('public.grupo_id_seq', 1, false);


--
-- Name: mascota_id_seq; Type: SEQUENCE SET; Schema: public; Owner: fernando
--

SELECT pg_catalog.setval('public.mascota_id_seq', 3, true);


--
-- Name: notificaciones_id_seq; Type: SEQUENCE SET; Schema: public; Owner: fernando
--

SELECT pg_catalog.setval('public.notificaciones_id_seq', 1, false);


--
-- Name: perfil_id_seq; Type: SEQUENCE SET; Schema: public; Owner: fernando
--

SELECT pg_catalog.setval('public.perfil_id_seq', 3, true);


--
-- Name: post_id_seq; Type: SEQUENCE SET; Schema: public; Owner: fernando
--

SELECT pg_catalog.setval('public.post_id_seq', 13, true);


--
-- Name: seguido_id_seq; Type: SEQUENCE SET; Schema: public; Owner: fernando
--

SELECT pg_catalog.setval('public.seguido_id_seq', 2, true);


--
-- Name: usuario_grupo_id_seq; Type: SEQUENCE SET; Schema: public; Owner: fernando
--

SELECT pg_catalog.setval('public.usuario_grupo_id_seq', 1, false);


--
-- Name: valoracion_id_seq; Type: SEQUENCE SET; Schema: public; Owner: fernando
--

SELECT pg_catalog.setval('public.valoracion_id_seq', 2, true);


--
-- Name: usuario Usuario_pkey; Type: CONSTRAINT; Schema: public; Owner: fernando
--

ALTER TABLE ONLY public.usuario
    ADD CONSTRAINT "Usuario_pkey" PRIMARY KEY (id);


--
-- Name: chat chat_pkey; Type: CONSTRAINT; Schema: public; Owner: fernando
--

ALTER TABLE ONLY public.chat
    ADD CONSTRAINT chat_pkey PRIMARY KEY (id);


--
-- Name: comentario comentario_pkey; Type: CONSTRAINT; Schema: public; Owner: fernando
--

ALTER TABLE ONLY public.comentario
    ADD CONSTRAINT comentario_pkey PRIMARY KEY (id);


--
-- Name: evento evento_pkey; Type: CONSTRAINT; Schema: public; Owner: fernando
--

ALTER TABLE ONLY public.evento
    ADD CONSTRAINT evento_pkey PRIMARY KEY (id);


--
-- Name: grupo grupo_pkey; Type: CONSTRAINT; Schema: public; Owner: fernando
--

ALTER TABLE ONLY public.grupo
    ADD CONSTRAINT grupo_pkey PRIMARY KEY (id);


--
-- Name: mascota mascota_pkey; Type: CONSTRAINT; Schema: public; Owner: fernando
--

ALTER TABLE ONLY public.mascota
    ADD CONSTRAINT mascota_pkey PRIMARY KEY (id);


--
-- Name: notificaciones notificaciones_pkey; Type: CONSTRAINT; Schema: public; Owner: fernando
--

ALTER TABLE ONLY public.notificaciones
    ADD CONSTRAINT notificaciones_pkey PRIMARY KEY (id);


--
-- Name: perfil perfil_pkey; Type: CONSTRAINT; Schema: public; Owner: fernando
--

ALTER TABLE ONLY public.perfil
    ADD CONSTRAINT perfil_pkey PRIMARY KEY (id);


--
-- Name: post post_pkey; Type: CONSTRAINT; Schema: public; Owner: fernando
--

ALTER TABLE ONLY public.post
    ADD CONSTRAINT post_pkey PRIMARY KEY (id);


--
-- Name: seguido seguido_pkey; Type: CONSTRAINT; Schema: public; Owner: fernando
--

ALTER TABLE ONLY public.seguido
    ADD CONSTRAINT seguido_pkey PRIMARY KEY (id);


--
-- Name: usuario_grupo usuario_grupo_pkey; Type: CONSTRAINT; Schema: public; Owner: fernando
--

ALTER TABLE ONLY public.usuario_grupo
    ADD CONSTRAINT usuario_grupo_pkey PRIMARY KEY (id);


--
-- Name: valoracion valoracion_pkey; Type: CONSTRAINT; Schema: public; Owner: fernando
--

ALTER TABLE ONLY public.valoracion
    ADD CONSTRAINT valoracion_pkey PRIMARY KEY (id);


--
-- Name: comentario fk5tm5pw9ofhc1dxw2xulc348jg; Type: FK CONSTRAINT; Schema: public; Owner: fernando
--

ALTER TABLE ONLY public.comentario
    ADD CONSTRAINT fk5tm5pw9ofhc1dxw2xulc348jg FOREIGN KEY (post_id) REFERENCES public.post(id);


--
-- Name: valoracion fk_autor; Type: FK CONSTRAINT; Schema: public; Owner: fernando
--

ALTER TABLE ONLY public.valoracion
    ADD CONSTRAINT fk_autor FOREIGN KEY (autor_id) REFERENCES public.usuario(id);


--
-- Name: post fk_creador; Type: FK CONSTRAINT; Schema: public; Owner: fernando
--

ALTER TABLE ONLY public.post
    ADD CONSTRAINT fk_creador FOREIGN KEY (creador_id) REFERENCES public.usuario(id) ON DELETE CASCADE;


--
-- Name: post fk_grupo; Type: FK CONSTRAINT; Schema: public; Owner: fernando
--

ALTER TABLE ONLY public.post
    ADD CONSTRAINT fk_grupo FOREIGN KEY (grupo_id) REFERENCES public.grupo(id) ON DELETE CASCADE;


--
-- Name: usuario_grupo fk_grupo; Type: FK CONSTRAINT; Schema: public; Owner: fernando
--

ALTER TABLE ONLY public.usuario_grupo
    ADD CONSTRAINT fk_grupo FOREIGN KEY (grupo_id) REFERENCES public.grupo(id) ON DELETE CASCADE;


--
-- Name: perfil fk_perfil_usuario; Type: FK CONSTRAINT; Schema: public; Owner: fernando
--

ALTER TABLE ONLY public.perfil
    ADD CONSTRAINT fk_perfil_usuario FOREIGN KEY (usuario_id) REFERENCES public.usuario(id) ON DELETE CASCADE;


--
-- Name: valoracion fk_receptor; Type: FK CONSTRAINT; Schema: public; Owner: fernando
--

ALTER TABLE ONLY public.valoracion
    ADD CONSTRAINT fk_receptor FOREIGN KEY (receptor_id) REFERENCES public.usuario(id);


--
-- Name: usuario_grupo fk_usuario; Type: FK CONSTRAINT; Schema: public; Owner: fernando
--

ALTER TABLE ONLY public.usuario_grupo
    ADD CONSTRAINT fk_usuario FOREIGN KEY (usuario_id) REFERENCES public.usuario(id) ON DELETE CASCADE;


--
-- Name: chat fkcnfx4tcx0mjdwqfolg0ajypu3; Type: FK CONSTRAINT; Schema: public; Owner: fernando
--

ALTER TABLE ONLY public.chat
    ADD CONSTRAINT fkcnfx4tcx0mjdwqfolg0ajypu3 FOREIGN KEY (emisor_id) REFERENCES public.usuario(id);


--
-- Name: comentario fkixspmid2pb85o8ypsd20jakxg; Type: FK CONSTRAINT; Schema: public; Owner: fernando
--

ALTER TABLE ONLY public.comentario
    ADD CONSTRAINT fkixspmid2pb85o8ypsd20jakxg FOREIGN KEY (usuario_id) REFERENCES public.usuario(id);


--
-- Name: chat fkomcfygas78eyx4j5hyxv1kf2u; Type: FK CONSTRAINT; Schema: public; Owner: fernando
--

ALTER TABLE ONLY public.chat
    ADD CONSTRAINT fkomcfygas78eyx4j5hyxv1kf2u FOREIGN KEY (receptor_id) REFERENCES public.usuario(id);


--
-- PostgreSQL database dump complete
--

